<?xml version="1.0" encoding="UTF-8" standalone="yes"?>
<AccessControl async="false" continueOnError="false" enabled="true" name="Access-Control-1">
    <DisplayName>Access Control-1</DisplayName>
    <Properties/>
    <IPRules noRuleMatchAction="ALLOW">
        <MatchRule action="ALLOW">
            <SourceAddress mask="32">10.10.10.20</SourceAddress>
        </MatchRule>
        <MatchRule action="DENY">
            <SourceAddress mask="24">10.10.10.20</SourceAddress>
        </MatchRule>
    </IPRules>
</AccessControl>