<?xml version="1.0" encoding="UTF-8" standalone="yes"?>
<BasicAuthentication async="false" continueOnError="false" enabled="true" name="Basic-Authentication-1">
    <DisplayName>Basic Authentication-1</DisplayName>
    <Operation>Encode</Operation>
    <IgnoreUnresolvedVariables>false</IgnoreUnresolvedVariables>
    <User ref="request.queryparam.username"/>
    <Password ref="request.queryparam.password"/>
    <AssignTo createNew="false">request.header.Authorization</AssignTo>
    <Source>request.header.Authorization</Source>
</BasicAuthentication>