<?xml version="1.0" encoding="UTF-8" standalone="yes"?>
<MessageLogging async="false" continueOnError="false" enabled="true" name="Message-Logging">
    <DisplayName>Message Logging</DisplayName>
    <File>
        <Message>{"SystemTimeStamp" : "{system.timestamp}" , "Request": "{request.uri}" , "RequestVerb": "{request.verb}","ConsumerRequest":"{ExtractedPayload}","BackendRequest":"{ExtractedPreTargetPayload}","BackendResponce":"{ExtractedPostTargetPayload}","ConsumerResponce":"{ExtractedPostProxyPayload}","APIKey":"{request.header.apikey}","Authorization":"{request.header.Authorization}","StatusCode":"{message.status.code}","Response":"{ExtractedPostProxyPayload}","ErrorStatusCode":"{error.status.code}","ErrorContent":"{ExtractedPostProxyErrorPayload}","client.sent.end.timestamp":"{client.sent.end.timestamp}","client.received.start.timestamp":"{client.received.start.timestamp}","target.received.end.timestamp":"{target.received.end.timestamp}","target.sent.start.timestamp":"{target.sent.start.timestamp}"}</Message>
        <FileName>test.log</FileName>
        <FileRotationOptions rotateFileOnStartup="true">
            <FileRotationType>SIZE</FileRotationType>
            <MaxFileSizeInMB>10</MaxFileSizeInMB>
            <MaxFilesToRetain>10</MaxFilesToRetain>
        </FileRotationOptions>
    </File>
    <logLevel>ERROR</logLevel>
</MessageLogging>