<?xml version="1.0" encoding="UTF-8" standalone="yes"?>
<Quota type="calendar" name="Quota-1" enabled="true" continueOnError="false" async="false">
    <DisplayName>Quota</DisplayName>
    <Properties/>
    <Allow count="200" countRef="apiproduct.developer.quota.limit"/>
    <Interval ref="apiproduct.developer.quota.interval"/>
    <TimeUnit ref="apiproduct.developer.quota.timeunit"/>
    <Distributed>true</Distributed>
    <Synchronous>false</Synchronous>
    <StartTime>2017-12-1 12:00:00</StartTime>
</Quota>