<?xml version="1.0" encoding="UTF-8" standalone="yes"?>
<VerifyJWT name="JWT-Verify-HS256">
    <DisplayName>JWT Verify HS256</DisplayName>
    <Algorithm>HS256</Algorithm>
    <Source>request.formparam.jwt</Source>
    <IgnoreUnresolvedVariables>false</IgnoreUnresolvedVariables>
    <SecretKey>
        <Value ref="private.secretkey"/>
    </SecretKey>
    <Subject>monty-pythons-flying-circus</Subject>
    <Issuer>urn://apigee-edge-JWT-policy-test</Issuer>
    <Audience>fans</Audience>
    <AdditionalClaims>
        <Claim name="show">And now for something completely different.</Claim>
    </AdditionalClaims>
</VerifyJWT>