<?xml version="1.0" encoding="UTF-8" standalone="yes"?>
<SharedFlowBundle revision="1" name="JSON-Threat-Protection">
    <ConfigurationVersion majorVersion="4" minorVersion="0"/>
    <CreatedAt>1513060581722</CreatedAt>
    <CreatedBy>defaultUser</CreatedBy>
    <Description>Protects JSON attacks</Description>
    <DisplayName>JSON-Threat-Protection</DisplayName>
    <LastModifiedAt>1516088302289</LastModifiedAt>
    <LastModifiedBy>defaultUser</LastModifiedBy>
    <Policies>
        <Policy>JSON-Threat-Protection</Policy>
        <Policy>Key-Value-Map-Operations</Policy>
    </Policies>
    <Resources/>
    <Spec></Spec>
    <subType>SharedFlow</subType>
    <SharedFlows>
        <SharedFlow>default</SharedFlow>
    </SharedFlows>
</SharedFlowBundle>
