<?xml version="1.0" encoding="UTF-8" standalone="yes"?>
<Manifest name="manifest">
    <Policies>
        <VersionInfo resourceName="Basic-Authentication-1" version="SHA-512:f9fef917bbdeaf5bfdb0195fb8cd22cad00b18adcb2e50f1db3cf6dc167480e4559bb43cc731281083f03f62dfd5f7472cc64da918819562b5377bfabc271aeb"/>
        <VersionInfo resourceName="Verify-API-Key-1" version="SHA-512:231ec461539cab963434dbba0f1525ddf633c644ef326d0f9313f220069d73dba309a80583e19e6bebdf99b310938e6afa0618f3cc4b343f26925e3fac639663"/>
    </Policies>
    <ProxyEndpoints/>
    <Resources/>
    <SharedFlows>
        <VersionInfo resourceName="default" version="SHA-512:e17b456d5ec07cbbed158b86cd2ad2c4569b464ef6bf77a6f2f172ed98cef0861571fa9a76ca491a490a7e70e6069a815afd9adaa5b45b885993bf7719493eeb"/>
    </SharedFlows>
    <TargetEndpoints/>
</Manifest>
