<?xml version="1.0" encoding="UTF-8" standalone="yes"?>
<SharedFlowBundle revision="1" name="json">
    <ConfigurationVersion majorVersion="4" minorVersion="0"/>
    <CreatedAt>1570614257411</CreatedAt>
    <CreatedBy>chandra.a.kala@accenture.com</CreatedBy>
    <Description>undefined</Description>
    <DisplayName>json</DisplayName>
    <LastModifiedAt>1570619464055</LastModifiedAt>
    <LastModifiedBy>chandra.a.kala@accenture.com</LastModifiedBy>
    <ManifestVersion>SHA-512:7810ad82016d042c327bc379bd2f3a4fc50fde5491b31cc1a98e91f159b20fa83010d4bc11cfe069d130d33d6afe7210fc7c69e3c2479b1d84946047aa617407</ManifestVersion>
    <Policies>
        <Policy>Basic-Authentication-1</Policy>
        <Policy>Verify-API-Key-1</Policy>
    </Policies>
    <Resources/>
    <Spec></Spec>
    <subType>SharedFlow</subType>
    <SharedFlows>
        <SharedFlow>default</SharedFlow>
    </SharedFlows>
</SharedFlowBundle>
