<?xml version="1.0" encoding="UTF-8" standalone="yes"?>
<SharedFlowBundle revision="5" name="Security-All">
    <ConfigurationVersion majorVersion="4" minorVersion="0"/>
    <CreatedAt>1515741585509</CreatedAt>
    <CreatedBy>defaultUser</CreatedBy>
    <Description>Shared Flow for all security policies</Description>
    <DisplayName>Security-All</DisplayName>
    <LastModifiedAt>1515741624948</LastModifiedAt>
    <LastModifiedBy>defaultUser</LastModifiedBy>
    <Policies>
        <Policy>Quota</Policy>
        <Policy>Spike-Arrest</Policy>
        <Policy>Threat-Protection</Policy>
        <Policy>Validate-Access-Token</Policy>
    </Policies>
    <Resources/>
    <Spec></Spec>
    <subType>SharedFlow</subType>
    <SharedFlows>
        <SharedFlow>default</SharedFlow>
    </SharedFlows>
</SharedFlowBundle>
