<?xml version="1.0" encoding="UTF-8" standalone="yes"?>
<SharedFlowBundle revision="3" name="RegexProtection">
    <ConfigurationVersion majorVersion="4" minorVersion="0"/>
    <CreatedAt>1515669427457</CreatedAt>
    <CreatedBy>defaultUser</CreatedBy>
    <Description>Threat-Protection</Description>
    <DisplayName>Threat-Protection</DisplayName>
    <LastModifiedAt>1515994467592</LastModifiedAt>
    <LastModifiedBy>defaultUser</LastModifiedBy>
    <Policies>
        <Policy>JavaScript-1</Policy>
        <Policy>RegexProtection</Policy>
    </Policies>
    <Resources>
        <Resource>jsc://URLcheck.js</Resource>
    </Resources>
    <Spec></Spec>
    <subType>SharedFlow</subType>
    <SharedFlows>
        <SharedFlow>default</SharedFlow>
    </SharedFlows>
</SharedFlowBundle>
