{
  "reportTO": {
    "projectId": "sharedflowbundle",
    "versionId": 6,
    "lastUpdatedDate": "05/04/2019 17:30:54",
    "vulCount": 3,
    "critical": 1,
    "high": 1,
    "medium": 1,
    "low": 0,
    "totalSecurityPoliciesAvailable": 17,
    "totalPolicyScanned": 14,
    "totalAPIScanned": 2
  },
  "policyMap": {
    "Authentication \u0026 Autherization": [
      {
        "policyName": "AccessControl",
        "isEnabled": true,
        "weight": 5,
        "comments": "https://docs.apigee.com/api-platform/reference/policies/access-control-policy",
        "policyRisk": "Low",
        "policyFileName": "Access-Control-1.xml",
        "policyGroupName": "Authentication \u0026 Autherization"
      },
      {
        "policyName": "CrossOriginResourceSharing",
        "isEnabled": true,
        "weight": 5,
        "comments": "https://docs.apigee.com/api-platform/reference/policies/Cross-Origin",
        "policyRisk": "Medium",
        "policyFileName": "add-cors.xml",
        "policyGroupName": "Authentication \u0026 Autherization"
      },
      {
        "policyName": "BasicAuthentication",
        "isEnabled": true,
        "weight": 5,
        "comments": "https://docs.apigee.com/api-services/reference/basic-authentication-policy",
        "policyRisk": "Low",
        "policyFileName": "Basic-Authentication-1.xml",
        "policyGroupName": "Authentication \u0026 Autherization"
      },
      {
        "policyName": "OAuthV1",
        "isEnabled": false,
        "weight": 25,
        "comments": "https://docs.apigee.com/api-services/reference/oauth-10-policy",
        "policyRisk": "Medium",
        "policyFileName": "OAuthV1-VerifyAccessToken-1.xml",
        "policyGroupName": "Authentication \u0026 Autherization"
      },
      {
        "policyName": "ValidateSAMLAssertion",
        "isEnabled": false,
        "weight": 25,
        "comments": "https://docs.apigee.com/api-services/reference/saml-assertion-policy",
        "policyRisk": "High",
        "policyFileName": "Validate-SAML-Assertion-1.xml",
        "policyGroupName": "Authentication \u0026 Autherization"
      },
      {
        "policyName": "VerifyAPIKey",
        "isEnabled": true,
        "weight": 5,
        "comments": "https://docs.apigee.com/api-services/reference/verify-api-key-policy",
        "policyRisk": "Low",
        "policyFileName": "Verify-API-Key-1.xml",
        "policyGroupName": "Authentication \u0026 Autherization"
      },
      {
        "policyName": "VerifyJWT",
        "isEnabled": false,
        "weight": 55,
        "comments": "https://docs.apigee.com/api-services/reference/verify-jwt-policy",
        "policyRisk": "Critical",
        "policyFileName": "Verify-JWT-1.xml",
        "policyGroupName": "Authentication \u0026 Autherization"
      },
      {
        "policyName": "OAuthV2",
        "isEnabled": true,
        "weight": 45,
        "comments": "https://docs.apigee.com/api-services/content/oauth-introduction",
        "policyRisk": "Medium",
        "policyFileName": "verify-oauth-v2-access-token.xml",
        "policyGroupName": "Authentication \u0026 Autherization"
      },
      {
        "policyName": "TLSEnabled",
        "isEnabled": true,
        "weight": 10,
        "comments": "https://docs.apigee.com/api-services/content/ssl",
        "policyRisk": "High",
        "policyFileName": "TLSEnabled",
        "policyGroupName": "Authentication \u0026 Autherization"
      }
    ],
    "Traffic Management": [
      {
        "policyName": "ConcurrentRatelimit",
        "isEnabled": true,
        "weight": 30,
        "comments": "https://docs.apigee.com/api-services/reference/concurrent-rate-limit-policy",
        "policyRisk": "Low",
        "policyFileName": "Concurrent-Rate-Limit-1.xml",
        "policyGroupName": "Traffic Management"
      },
      {
        "policyName": "Quota",
        "isEnabled": true,
        "weight": 30,
        "comments": "https://docs.apigee.com/api-services/reference/quota-policy",
        "policyRisk": "Low",
        "policyFileName": "Quota-1.xml",
        "policyGroupName": "Traffic Management"
      },
      {
        "policyName": "SpikeArrest",
        "isEnabled": true,
        "weight": 40,
        "comments": "https://docs.apigee.com/api-services/reference/spike-arrest-policy",
        "policyRisk": "Low",
        "policyFileName": "Spike-Arrest-1.xml",
        "policyGroupName": "Traffic Management"
      }
    ],
    "Threat Protection": [
      {
        "policyName": "JSONThreatProtection",
        "isEnabled": true,
        "weight": 25,
        "comments": "https://docs.apigee.com/api-services/reference/json-threat-protection-policy",
        "policyRisk": "High",
        "policyFileName": "JSON-Threat-Protection.xml",
        "policyGroupName": "Threat Protection"
      },
      {
        "policyName": "RegularExpressionProtection",
        "isEnabled": true,
        "weight": 25,
        "comments": "https://docs.apigee.com/api-services/reference/regular-expression-protection",
        "policyRisk": "High",
        "policyFileName": "RegexProtection.xml",
        "policyGroupName": "Threat Protection"
      },
      {
        "policyName": "MessageValidation",
        "isEnabled": true,
        "weight": 25,
        "comments": "https://docs.apigee.com/api-platform/reference/policies/message-validation-policy",
        "policyRisk": "High",
        "policyFileName": "SOAP-Message-Validation.xml",
        "policyGroupName": "Threat Protection"
      },
      {
        "policyName": "XMLThreatProtection",
        "isEnabled": true,
        "weight": 25,
        "comments": "https://docs.apigee.com/api-services/reference/xml-threat-protection-policy",
        "policyRisk": "High",
        "policyFileName": "XML-Threat-Protection.xml",
        "policyGroupName": "Threat Protection"
      }
    ],
    "Logging \u0026 Auditing": [
      {
        "policyName": "MessageLogging",
        "isEnabled": true,
        "weight": 100,
        "comments": "https://docs.apigee.com/api-platform/reference/policies/message-logging-policy",
        "policyRisk": "Medium",
        "policyFileName": "Message-Logging.xml",
        "policyGroupName": "Logging \u0026 Auditing"
      }
    ]
  },
  "policyGroupTotalList": [
    {
      "policyGroupName": "Authentication \u0026 Autherization",
      "policyGroupTotal": 75,
      "totalSecurityPoliciesAvailable": 0,
      "totalPolicyScanned": 0
    },
    {
      "policyGroupName": "Traffic Management",
      "policyGroupTotal": 100,
      "totalSecurityPoliciesAvailable": 0,
      "totalPolicyScanned": 0
    },
    {
      "policyGroupName": "Threat Protection",
      "policyGroupTotal": 100,
      "totalSecurityPoliciesAvailable": 0,
      "totalPolicyScanned": 0
    },
    {
      "policyGroupName": "Logging \u0026 Auditing",
      "policyGroupTotal": 100,
      "totalSecurityPoliciesAvailable": 0,
      "totalPolicyScanned": 0
    }
  ],
  "apiMappingOWASP": {
    "injection": "true",
    "brokenAuthentication": "true",
    "sensitiveDataExposure": "true",
    "xmlExternalEntity": "true",
    "brokenAcessControl": "true",
    "securityMisconfiguration": "false",
    "crossSiteScripting": "false",
    "insecureDeserialization": "true",
    "usingComponent": "false",
    "insufficientLoggingMonitoring": "true"
  }
}