<?xml version="1.0" encoding="UTF-8" standalone="yes"?>
<SharedFlowBundle revision="5" name="Threat-Protection">
    <ConfigurationVersion majorVersion="4" minorVersion="0"/>
    <CreatedAt>1515664805822</CreatedAt>
    <CreatedBy>defaultUser</CreatedBy>
    <Description>Threat-Protection</Description>
    <DisplayName>Threat-Protection</DisplayName>
    <LastModifiedAt>1515664819449</LastModifiedAt>
    <LastModifiedBy>defaultUser</LastModifiedBy>
    <Policies>
        <Policy>Flow-Callout-1</Policy>
        <Policy>Flow-Callout-2</Policy>
        <Policy>Flow-Callout-3</Policy>
    </Policies>
    <Resources/>
    <Spec></Spec>
    <subType>SharedFlow</subType>
    <SharedFlows>
        <SharedFlow>default</SharedFlow>
    </SharedFlows>
</SharedFlowBundle>
