{
	"A1-Injection": [
		"XMLThreatProtection",
		"JSONThreatProtection",
		"RegularExpressionProtection"
	],
	"A2-BrokenAuthenticationAndSessionManagement": [
		"TLSEnabled",
		"OAuthV2"
	],
	"A3-SensitiveDataExposure": [
		"TLSEnabled"
	],
	"A4-XMLExternalEntities": [
		"XMLThreatProtection"
	],
	"A5-BrokenAccessControl": [
		"VerifyAPIKey"
	],
	"A6-SecurityMisconfiguration": [
		"NotMapped"
	],
	"A7-Cross-SiteScripting": [
		"XMLThreatProtection",
		"JSONThreatProtection",
		"AssignMessage"
	],
	"A8-InsecureDeserialization": [
		"TLSEnabled"
	],
	"A9-UsingComponentsWithKnownVulnerabilities": [
		"NotMapped"
	],
	"A10-InsufficientLogging&Monitoring": [
		"MessageLogging"
	]
}
