{
  "AuthenticationAutherization": {
    "TLSEnabled": {
      "policyName": "TLSEnabled",
      "isEnabled": true,
      "weight": 20,
      "comments": "https://docs.apigee.com/api-services/content/ssl"
    },
    "samlAssertion": {
      "policyName": "ValidateSAMLAssertion",
      "isEnabled": false,
      "weight": 1,
      "comments": "https://docs.apigee.com/api-services/reference/saml-assertion-policy"
    },
    "basicAuthentication": {
      "policyName": "BasicAuthentication",
      "isEnabled": false,
      "weight": 1,
      "comments": "https://docs.apigee.com/api-services/reference/basic-authentication-policy"
    },
    "jwtEnabled": {
      "policyName": "VerifyJWT",
      "isEnabled": false,
      "weight": 1,
      "comments": "https://docs.apigee.com/api-services/reference/verify-jwt-policy"
    },
    "oauth2Policy": {
      "policyName": "Oauth2",
      "isEnabled": true,
      "weight": 80,
      "comments": "https://docs.apigee.com/api-services/content/oauth-introduction"
    },
    "oauth1Policy": {
      "policyName": "Oauth1",
      "isEnabled": false,
      "weight": 1,
      "comments": "https://docs.apigee.com/api-services/reference/oauth-10-policy"
    },
    "veryfyApiKey": {
      "policyName": "VerifyAPIKey",
      "isEnabled": false,
      "weight": 1,
      "comments": "https://docs.apigee.com/api-services/reference/verify-api-key-policy"
    },
    "policyModuleList": [
      {
        "policyName": "TLSEnabled",
        "isEnabled": true,
        "weight": 20,
        "comments": "https://docs.apigee.com/api-services/content/ssl"
      },
      {
        "policyName": "VerifyAPIKey",
        "isEnabled": false,
        "weight": 1,
        "comments": "https://docs.apigee.com/api-services/reference/verify-api-key-policy"
      },
      {
        "policyName": "Oauth2",
        "isEnabled": true,
        "weight": 80,
        "comments": "https://docs.apigee.com/api-services/content/oauth-introduction"
      },
      {
        "policyName": "Oauth1",
        "isEnabled": false,
        "weight": 1,
        "comments": "https://docs.apigee.com/api-services/reference/oauth-10-policy"
      },
      {
        "policyName": "VerifyJWT",
        "isEnabled": false,
        "weight": 1,
        "comments": "https://docs.apigee.com/api-services/reference/verify-jwt-policy"
      },
      {
        "policyName": "ValidateSAMLAssertion",
        "isEnabled": false,
        "weight": 1,
        "comments": "https://docs.apigee.com/api-services/reference/saml-assertion-policy"
      },
      {
        "policyName": "BasicAuthentication",
        "isEnabled": false,
        "weight": 1,
        "comments": "https://docs.apigee.com/api-services/reference/basic-authentication-policy"
      }
    ]
  },
  "InputValidation": {
    "regularExpressionModule": {
      "policyName": "RegularExpressionProtection",
      "isEnabled": true,
      "weight": 15,
      "comments": "https://docs.apigee.com/api-services/reference/regular-expression-protection"
    },
    "concurrentRatelimitingModule": {
      "policyName": "ConcurrentRatelimit",
      "isEnabled": false,
      "weight": 1,
      "comments": "https://docs.apigee.com/api-services/reference/concurrent-rate-limit-policy"
    },
    "jsonThreatProtectionModule": {
      "policyName": "JSONThreatProtection",
      "isEnabled": true,
      "weight": 15,
      "comments": "https://docs.apigee.com/api-services/reference/json-threat-protection-policy"
    },
    "spikeArrestModule": {
      "policyName": "SpikeArrest",
      "isEnabled": true,
      "weight": 15,
      "comments": "https://docs.apigee.com/api-services/reference/spike-arrest-policy"
    },
    "xmlThreatprotectionModule": {
      "policyName": "XMLThreatProtection",
      "isEnabled": true,
      "weight": 15,
      "comments": "https://docs.apigee.com/api-services/reference/xml-threat-protection-policy"
    },
    "quataModule": {
      "policyName": "Quota",
      "isEnabled": true,
      "weight": 15,
      "comments": "https://docs.apigee.com/api-services/reference/quota-policy"
    },
    "policyModuleList": [
      {
        "policyName": "RegularExpressionProtection",
        "isEnabled": true,
        "weight": 15,
        "comments": "https://docs.apigee.com/api-services/reference/regular-expression-protection"
      },
      {
        "policyName": "Quota",
        "isEnabled": true,
        "weight": 15,
        "comments": "https://docs.apigee.com/api-services/reference/quota-policy"
      },
      {
        "policyName": "JSONThreatProtection",
        "isEnabled": true,
        "weight": 15,
        "comments": "https://docs.apigee.com/api-services/reference/json-threat-protection-policy"
      },
      {
        "policyName": "SpikeArrest",
        "isEnabled": true,
        "weight": 15,
        "comments": "https://docs.apigee.com/api-services/reference/spike-arrest-policy"
      },
      {
        "policyName": "XMLThreatProtection",
        "isEnabled": true,
        "weight": 15,
        "comments": "https://docs.apigee.com/api-services/reference/xml-threat-protection-policy"
      },
      {
        "policyName": "ConcurrentRatelimit",
        "isEnabled": false,
        "weight": 1,
        "comments": "https://docs.apigee.com/api-services/reference/concurrent-rate-limit-policy"
      }
    ]
  },
  "LoggingAuditing": {
    "messageLoggingModule": {
      "policyName": "MessageLogging",
      "isEnabled": false,
      "weight": 1,
      "comments": "https://docs.apigee.com/api-services/reference/regular-expression-protection"
    },
    "policyModuleList": [
      {
        "policyName": "MessageLogging",
        "isEnabled": false,
        "weight": 1,
        "comments": "https://docs.apigee.com/api-services/reference/regular-expression-protection"
      }
    ]
  },
  "reportTO": {
    "projectId": "Vulnerable-API",
    "versionId": 6,
    "lastUpdatedDate": "01/08/2018 16:19:29",
    "totalPolicyScanned": 7,
    "totalAPIScanned": 5
  }
}