<?xml version="1.0" encoding="UTF-8" standalone="yes"?>
<SharedFlowBundle revision="4" name="Quota">
    <ConfigurationVersion majorVersion="4" minorVersion="0"/>
    <CreatedAt>1515494447276</CreatedAt>
    <CreatedBy>defaultUser</CreatedBy>
    <Description>Quota</Description>
    <DisplayName>Quota</DisplayName>
    <LastModifiedAt>1515500124233</LastModifiedAt>
    <LastModifiedBy>defaultUser</LastModifiedBy>
    <Policies>
        <Policy>Quota-1</Policy>
    </Policies>
    <Resources/>
    <Spec></Spec>
    <subType>SharedFlow</subType>
    <SharedFlows>
        <SharedFlow>default</SharedFlow>
    </SharedFlows>
</SharedFlowBundle>
