<?xml version="1.0" encoding="UTF-8" standalone="yes"?>
<Manifest name="manifest">
    <Policies>
        <VersionInfo resourceName="JSONThreatProtection" version="SHA-512:945bda5a5350ec94cdf5acb1be5ccc1296c2deebe577968d2f23b1257de3770d2bb013509c7962de6cb86f57569655fe0b2e19e1da6a0525a1741c08fd1b1070"/>
        <VersionInfo resourceName="Spike-Arrest-1" version="SHA-512:b8ce2628173552da67679184935dd69384f1d12f859a8ebecea55f35ec8c6b465e73a1d726e8b65c44d01378d6dbd7580652fcee605bb3d760ab8de3e4953352"/>
        <VersionInfo resourceName="Verify-JWT-1" version="SHA-512:4369ce181125c78b8db5ac12f814b0a6b485f5b1ad5732dd51630449ea1d688bcbb52af5e4dd5ea69a3feb6306a13b2cbb2490ca701ce3d072992aa90f09133e"/>
    </Policies>
    <ProxyEndpoints/>
    <Resources/>
    <SharedFlows>
        <VersionInfo resourceName="default" version="SHA-512:ed0044fbc42f100cf820601c40398de3b12a2b5812001c73ee644f2c5ef30df70df384680957f24580098ba568f430da4a68c1e3214bdbbdeb281ed370588099"/>
    </SharedFlows>
    <TargetEndpoints/>
</Manifest>
