<?xml version="1.0" encoding="UTF-8" standalone="yes"?>
<SharedFlowBundle revision="1" name="ThreatProtection">
    <ConfigurationVersion majorVersion="4" minorVersion="0"/>
    <CreatedAt>1568716366538</CreatedAt>
    <CreatedBy>chandra.a.kala@accenture.com</CreatedBy>
    <Description>undefined</Description>
    <DisplayName>ThreatProtection</DisplayName>
    <LastModifiedAt>1569210982730</LastModifiedAt>
    <LastModifiedBy>chandra.a.kala@accenture.com</LastModifiedBy>
    <ManifestVersion>SHA-512:8327ee8ba50c2d10e6fcf618b10dc67165cfc7777279093bfce2f3a8ed139a19aaf6f8e231f95fc051a43a63d079764ee0f3b7f7d4954c43e74d33155dd998dd</ManifestVersion>
    <Policies>
        <Policy>JSONThreatProtection</Policy>
        <Policy>Spike-Arrest-1</Policy>
        <Policy>Verify-JWT-1</Policy>
    </Policies>
    <Resources/>
    <Spec></Spec>
    <subType>SharedFlow</subType>
    <SharedFlows>
        <SharedFlow>default</SharedFlow>
    </SharedFlows>
</SharedFlowBundle>
