<?xml version="1.0" encoding="UTF-8" standalone="yes"?>
<SharedFlowBundle revision="1" name="Spike-Arrest">
    <ConfigurationVersion majorVersion="4" minorVersion="0"/>
    <CreatedAt>1512896125240</CreatedAt>
    <CreatedBy>defaultUser</CreatedBy>
    <Description>Spike-Arrest</Description>
    <DisplayName>Spike-Arrest</DisplayName>
    <LastModifiedAt>1516088015904</LastModifiedAt>
    <LastModifiedBy>defaultUser</LastModifiedBy>
    <Policies>
        <Policy>Key-Value-Map-Operations-1</Policy>
        <Policy>Spike-Arrest-1</Policy>
    </Policies>
    <Resources/>
    <Spec></Spec>
    <subType>SharedFlow</subType>
    <SharedFlows>
        <SharedFlow>default</SharedFlow>
    </SharedFlows>
</SharedFlowBundle>
